Dataset,Common Items,X-Exam Scrutiny Rate
truthful_qa,817,39.90208078335373
HaluEval,77,53.246753246753244
gsm8k,1319,27.141774071266113
medmcqa,523,46.65391969407266
medqa,1272,41.430817610062896
case_hold,1999,37.368684342171086
law_stack_exchange,88,36.36363636363637
