Dataset,Total Items,Judge Accept Rate,Adversarial Rejection Rate
truthful_qa,817,59.36352509179926,39.90208078335373
HaluEval,1967,39.34926283680732,59.7864768683274
gsm8k,1318,71.47192716236722,27.16236722306525
medmcqa,2000,49.35,48.6
medqa,1273,57.580518460329934,41.39827179890024
case_hold,2000,62.2,37.4
law_stack_exchange,638,62.38244514106584,36.990595611285265
